6f4b6489-7215-493a-9b36-b1b0bebab650	ccf26cba-d1d5-4aae-b5d9-0fe85449f086	0	0	0	0	\N	true	2025-10-26 06:22:27.342409+00	2025-10-27 01:31:38.478159+00
e15b6d41-a7d4-4740-86d5-df42ecc1d84b	e9448937-3fea-4f14-804a-1672b5009ee5	0	0	0	0	\N	true	2025-11-15 01:11:44.385652+00	2025-11-15 01:11:44.385652+00
061da183-689c-4620-8b04-3c64c82f314d	510c9930-bc8c-46eb-82ae-da5c396710cb	0	0	0	0	\N	true	2025-11-17 08:43:31.606806+00	2025-11-17 08:43:31.606806+00
36ec084b-e4e0-4936-93bb-387767713829	f1ea6d0b-c373-427a-b8ed-9f2e4c0e87f1	0	0	0	0	\N	true	2025-11-18 18:19:46.991319+00	2025-11-18 18:19:46.991319+00
b290621e-bf1a-4273-b7c8-93d67786b46e	aa213c80-16ed-4800-a527-3bf521a7c73f	0	0	0	0	\N	true	2025-12-03 02:01:16.31626+00	2025-12-03 02:01:16.31626+00
518ab334-ec55-42c0-9ea3-8aee75befce6	d8936072-43c0-4a3e-a4eb-a78492928b32	0	0	0	0	\N	true	2025-12-03 02:01:17.013232+00	2025-12-03 02:01:17.013232+00
1961d436-7b64-4360-8d68-9f1bfc6c0c9b	eb00d2cf-77ed-48c7-9e11-1a4a079ed29e	0	0	0	0	\N	true	2025-12-03 02:01:17.552686+00	2025-12-03 02:01:17.552686+00
8fcef70f-06f6-42b6-8fac-32cd273ca687	9eef92d6-6571-45ff-a673-3f53fc5b5e70	0	0	0	0	\N	true	2025-12-03 02:01:18.106729+00	2025-12-03 02:01:18.106729+00
5126d433-b0cc-4ab2-930b-aa0b59cad09c	9dca98dc-68c3-439e-85f9-08c10886e1d1	0	0	0	0	\N	true	2025-12-03 02:01:18.639874+00	2025-12-03 02:01:18.639874+00
cf79e422-fa61-4da8-9e22-7d2fca8b5c60	cfb45aa4-8a9e-499f-a71d-b94b6decd103	0	0	0	0	\N	true	2025-12-03 02:01:19.180701+00	2025-12-03 02:01:19.180701+00
f09ce2bf-64d3-468c-97e9-9cfd2d0ea203	113412fd-aab4-4e6e-82f3-78d000497286	0	0	0	0	\N	true	2025-12-03 02:01:19.710655+00	2025-12-03 02:01:19.710655+00
0f45dc0d-65e2-4e2b-8bd7-9dec5c952ab8	68cd6f97-f327-41b3-a9aa-93bde066355a	0	0	0	0	\N	true	2025-12-03 02:01:20.249594+00	2025-12-03 02:01:20.249594+00
d4d4b8b7-6601-4003-b23b-f025946d3042	b2ce6228-2972-4eb9-a868-e759647d4d8d	0	0	0	0	\N	true	2025-12-03 02:01:20.76292+00	2025-12-03 02:01:20.76292+00
ad2f0ade-2455-419d-bfdd-144fa4feb9fa	1cde3786-ec3b-4980-81b5-10b5c4fa45b2	0	0	0	0	\N	true	2025-12-03 02:01:21.292202+00	2025-12-03 02:01:21.292202+00
023c5e99-1e38-441c-8f62-ad9f3910a011	e46a53fd-2cfc-44c2-906a-da45694810ed	0	0	0	0	\N	true	2025-12-03 02:01:21.85743+00	2025-12-03 02:01:21.85743+00
b6fe4fb0-94a3-4c95-992f-e1b53bdaae46	f54b8cd8-1ca3-4b56-ab75-7512ee5f0de0	0	0	0	0	\N	true	2025-12-03 02:01:22.401398+00	2025-12-03 02:01:22.401398+00
944fd8fc-147f-43da-a270-5242f7303b3a	62b91a94-1172-4813-be41-bba0b16a2cd4	0	0	0	0	\N	true	2025-12-03 02:01:22.919734+00	2025-12-03 02:01:22.919734+00
d9919502-36a3-4379-b371-3c5138ec7352	8200da25-dece-4dab-8b41-c57b5cd3f78e	0	0	0	0	\N	true	2025-12-03 02:01:23.443388+00	2025-12-03 02:01:23.443388+00
279aa305-b195-4cb5-8bf6-1decdc6b2b5d	5922c985-c778-41d0-a27c-c98bfe18683b	0	0	0	0	\N	true	2025-12-03 02:01:23.980217+00	2025-12-03 02:01:23.980217+00
e6f9ce99-5668-4d51-a727-670e36c00053	51e683b7-9e41-45c1-acc1-baf3437c07b5	0	0	0	0	\N	true	2025-12-03 02:01:24.492002+00	2025-12-03 02:01:24.492002+00
86205cf3-0ffc-4b51-a1be-ce21966980c2	47d56e63-920b-4634-bd73-a0522b20b095	0	0	0	0	\N	true	2025-12-03 02:01:25.01347+00	2025-12-03 02:01:25.01347+00
efe274b0-f974-46cb-911e-25d36a338454	d17c8881-5f60-4316-ac0b-2905cb1ae762	0	0	0	0	\N	true	2025-12-03 02:01:25.536794+00	2025-12-03 02:01:25.536794+00
065edbb6-bf50-4f55-9ce2-6fd68d97ce2e	e4c6958a-7cdc-422b-8316-a9f86172f29b	0	0	0	0	\N	true	2025-12-03 02:01:26.070461+00	2025-12-03 02:01:26.070461+00
586a2964-3a2a-4256-a96f-1f55a570c3dc	cb45fbd8-c643-4898-bc62-547a72e130a6	0	0	0	0	\N	true	2025-12-03 02:01:26.585363+00	2025-12-03 02:01:26.585363+00
e4b6e7d9-05e7-434c-bfc6-d927c75d284d	0fefd860-b14f-403d-83d9-ce36a88ed37c	0	0	0	0	\N	true	2025-12-03 02:01:27.125778+00	2025-12-03 02:01:27.125778+00
b2bb8962-1a24-41c1-b0e9-5e6ffc9f52fa	b69245ab-9beb-4723-bd19-8cc1cd065fd5	0	0	0	0	\N	true	2025-12-03 02:01:27.690344+00	2025-12-03 02:01:27.690344+00
4389c01d-9567-4e7d-abb4-06082142b7cd	7f73b01b-4075-4f68-b150-dd9e7b8b2b99	0	0	0	0	\N	true	2025-12-05 20:52:31.385518+00	2025-12-05 20:52:31.385518+00
07755179-3303-48da-b70b-cd637ec2e1be	6e118407-7d00-4748-8c61-6be75711fa7f	0	0	0	0	\N	true	2025-11-18 17:30:22.132625+00	2025-11-18 17:30:22.132625+00
eb53c8b4-f2ca-488a-af2d-c4921604b559	759941a3-bb1c-4395-9630-8a5e1e915a8b	0	0	0	0	\N	true	2025-11-19 07:49:55.278498+00	2025-11-19 07:49:55.278498+00
0476a902-68a3-4651-b933-f37010f0b241	9b42216d-56bd-4825-99e2-fff60147f35e	0	0	0	0	\N	true	2025-11-23 00:17:13.914113+00	2025-11-23 00:17:13.914113+00
66fcb9f7-5d83-4a8e-8678-32bf4c46c329	f4caeba4-2dfe-41a5-8c68-7e37e9461e6f	0	0	0	0	\N	true	2025-12-03 08:29:00.492872+00	2025-12-03 08:29:00.492872+00