431b8eab-5c37-42e6-a424-f1c00c072330	91f7c542-37f9-47af-a09f-931f11a3b4a8	false	2025-12-03 02:04:44.890715+00
431b8eab-5c37-42e6-a424-f1c00c072330	3afd3002-108e-4369-81e9-b048f6ae7b5a	false	2025-12-03 02:04:45.056825+00
431b8eab-5c37-42e6-a424-f1c00c072330	dcb2e25b-369f-4b8c-a0b6-9c198184bdce	false	2025-12-03 02:04:45.207783+00
b82eb81d-0845-44a2-b795-31d10082571d	91f7c542-37f9-47af-a09f-931f11a3b4a8	false	2025-12-03 02:04:45.658519+00
b82eb81d-0845-44a2-b795-31d10082571d	3afd3002-108e-4369-81e9-b048f6ae7b5a	false	2025-12-03 02:04:45.819606+00
b82eb81d-0845-44a2-b795-31d10082571d	dcb2e25b-369f-4b8c-a0b6-9c198184bdce	false	2025-12-03 02:04:45.966486+00
e47d615b-3d2d-4f79-ba28-a1df24b691c3	91f7c542-37f9-47af-a09f-931f11a3b4a8	false	2025-12-03 02:04:46.420044+00
e47d615b-3d2d-4f79-ba28-a1df24b691c3	3afd3002-108e-4369-81e9-b048f6ae7b5a	false	2025-12-03 02:04:46.573041+00
e47d615b-3d2d-4f79-ba28-a1df24b691c3	dcb2e25b-369f-4b8c-a0b6-9c198184bdce	false	2025-12-03 02:04:46.731722+00
1b62b20b-16ba-4259-b7b4-95f2362c3e0f	91f7c542-37f9-47af-a09f-931f11a3b4a8	false	2025-12-03 02:04:47.224837+00
1b62b20b-16ba-4259-b7b4-95f2362c3e0f	3afd3002-108e-4369-81e9-b048f6ae7b5a	false	2025-12-03 02:04:47.372699+00
1b62b20b-16ba-4259-b7b4-95f2362c3e0f	dcb2e25b-369f-4b8c-a0b6-9c198184bdce	false	2025-12-03 02:04:47.523172+00
5c00d99d-188a-4c72-85ac-b3b991304038	91f7c542-37f9-47af-a09f-931f11a3b4a8	false	2025-12-03 02:04:47.966337+00
5c00d99d-188a-4c72-85ac-b3b991304038	3afd3002-108e-4369-81e9-b048f6ae7b5a	false	2025-12-03 02:04:48.121246+00
5c00d99d-188a-4c72-85ac-b3b991304038	dcb2e25b-369f-4b8c-a0b6-9c198184bdce	false	2025-12-03 02:04:48.274765+00
d28491fd-7760-4d70-b46b-0c14bf7758a0	f6943700-2db1-40c6-b2f7-1e9fc98604d8	false	2025-12-03 02:04:48.80116+00
d28491fd-7760-4d70-b46b-0c14bf7758a0	3afd3002-108e-4369-81e9-b048f6ae7b5a	false	2025-12-03 02:04:48.957426+00
d28491fd-7760-4d70-b46b-0c14bf7758a0	dcb2e25b-369f-4b8c-a0b6-9c198184bdce	false	2025-12-03 02:04:49.105251+00
24c322c0-2c7f-4981-929d-807134129eb7	f6943700-2db1-40c6-b2f7-1e9fc98604d8	false	2025-12-03 02:04:49.553588+00
24c322c0-2c7f-4981-929d-807134129eb7	3afd3002-108e-4369-81e9-b048f6ae7b5a	false	2025-12-03 02:04:49.696953+00
24c322c0-2c7f-4981-929d-807134129eb7	dcb2e25b-369f-4b8c-a0b6-9c198184bdce	false	2025-12-03 02:04:49.847753+00
614099d7-4e2b-4586-9877-ab2396bfeebb	f6943700-2db1-40c6-b2f7-1e9fc98604d8	false	2025-12-03 02:04:50.301401+00
614099d7-4e2b-4586-9877-ab2396bfeebb	3afd3002-108e-4369-81e9-b048f6ae7b5a	false	2025-12-03 02:04:50.453107+00
614099d7-4e2b-4586-9877-ab2396bfeebb	dcb2e25b-369f-4b8c-a0b6-9c198184bdce	false	2025-12-03 02:04:50.60135+00
371a89da-bbf2-4bc1-8d49-7a740a7b1174	f6943700-2db1-40c6-b2f7-1e9fc98604d8	false	2025-12-03 02:04:51.044901+00
371a89da-bbf2-4bc1-8d49-7a740a7b1174	3afd3002-108e-4369-81e9-b048f6ae7b5a	false	2025-12-03 02:04:51.192886+00
371a89da-bbf2-4bc1-8d49-7a740a7b1174	dcb2e25b-369f-4b8c-a0b6-9c198184bdce	false	2025-12-03 02:04:51.35347+00
ba2f1172-1987-43e2-9986-6fe25d0d2891	f6943700-2db1-40c6-b2f7-1e9fc98604d8	false	2025-12-03 02:04:51.816529+00
ba2f1172-1987-43e2-9986-6fe25d0d2891	3afd3002-108e-4369-81e9-b048f6ae7b5a	false	2025-12-03 02:04:51.970042+00
ba2f1172-1987-43e2-9986-6fe25d0d2891	dcb2e25b-369f-4b8c-a0b6-9c198184bdce	false	2025-12-03 02:04:52.119306+00
7d94f428-28f1-4d37-b57d-7c2c82150025	7d3bb704-46fd-461b-bb60-8b4d1db7fc73	false	2025-12-03 02:04:52.574964+00
7d94f428-28f1-4d37-b57d-7c2c82150025	3afd3002-108e-4369-81e9-b048f6ae7b5a	false	2025-12-03 02:04:52.726221+00
7d94f428-28f1-4d37-b57d-7c2c82150025	dcb2e25b-369f-4b8c-a0b6-9c198184bdce	false	2025-12-03 02:04:52.871664+00
6adb2e23-6b5d-4632-838b-b2d06672f67f	7d3bb704-46fd-461b-bb60-8b4d1db7fc73	false	2025-12-03 02:04:53.322971+00
6adb2e23-6b5d-4632-838b-b2d06672f67f	3afd3002-108e-4369-81e9-b048f6ae7b5a	false	2025-12-03 02:04:53.467482+00
6adb2e23-6b5d-4632-838b-b2d06672f67f	dcb2e25b-369f-4b8c-a0b6-9c198184bdce	false	2025-12-03 02:04:53.621747+00
685c3148-8170-4c53-a0d4-c43848fef316	7d3bb704-46fd-461b-bb60-8b4d1db7fc73	false	2025-12-03 02:04:54.081012+00
685c3148-8170-4c53-a0d4-c43848fef316	3afd3002-108e-4369-81e9-b048f6ae7b5a	false	2025-12-03 02:04:54.236708+00
685c3148-8170-4c53-a0d4-c43848fef316	dcb2e25b-369f-4b8c-a0b6-9c198184bdce	false	2025-12-03 02:04:54.384133+00
540699cb-4e14-4a27-947d-9ae13c66e253	7d3bb704-46fd-461b-bb60-8b4d1db7fc73	false	2025-12-03 02:04:54.827838+00
6e7a8d72-ffa6-4816-a7fd-3a546594907d	bdf52812-1b1c-4dee-b9db-845936cf0a11	false	2025-11-03 06:33:50.462196+00
540699cb-4e14-4a27-947d-9ae13c66e253	3afd3002-108e-4369-81e9-b048f6ae7b5a	false	2025-12-03 02:04:54.973287+00
540699cb-4e14-4a27-947d-9ae13c66e253	dcb2e25b-369f-4b8c-a0b6-9c198184bdce	false	2025-12-03 02:04:55.124884+00
302c8525-4bcf-47d5-93d5-3cc2b06b8028	7d3bb704-46fd-461b-bb60-8b4d1db7fc73	false	2025-12-03 02:04:55.615186+00
302c8525-4bcf-47d5-93d5-3cc2b06b8028	3afd3002-108e-4369-81e9-b048f6ae7b5a	false	2025-12-03 02:04:55.773201+00
302c8525-4bcf-47d5-93d5-3cc2b06b8028	dcb2e25b-369f-4b8c-a0b6-9c198184bdce	false	2025-12-03 02:04:55.920464+00
194839e5-1161-42ee-9626-258af77a70df	86df86c7-a00a-4c53-a362-d00ef61030d5	false	2025-12-03 02:04:56.382389+00
194839e5-1161-42ee-9626-258af77a70df	4817b24c-10a7-4774-98d8-7100222f62e1	false	2025-12-03 02:04:56.52475+00
194839e5-1161-42ee-9626-258af77a70df	dcb2e25b-369f-4b8c-a0b6-9c198184bdce	false	2025-12-03 02:04:56.671413+00
2a4699fe-1dc6-426d-a06a-fa35c4d17d59	86df86c7-a00a-4c53-a362-d00ef61030d5	false	2025-12-03 02:04:57.12379+00
2a4699fe-1dc6-426d-a06a-fa35c4d17d59	4817b24c-10a7-4774-98d8-7100222f62e1	false	2025-12-03 02:04:57.27455+00
2a4699fe-1dc6-426d-a06a-fa35c4d17d59	dcb2e25b-369f-4b8c-a0b6-9c198184bdce	false	2025-12-03 02:04:57.42022+00
9719b5c9-dba4-487d-af2e-5cf214647be0	86df86c7-a00a-4c53-a362-d00ef61030d5	false	2025-12-03 02:04:57.872172+00
9719b5c9-dba4-487d-af2e-5cf214647be0	4817b24c-10a7-4774-98d8-7100222f62e1	false	2025-12-03 02:04:58.014764+00
9719b5c9-dba4-487d-af2e-5cf214647be0	dcb2e25b-369f-4b8c-a0b6-9c198184bdce	false	2025-12-03 02:04:58.157895+00
a329c80c-77e7-48db-90e1-c67359e67c6a	560825ff-712f-4396-82e1-357c4aa16b06	false	2025-11-19 08:43:36.503805+00
7d00f2cb-4c23-49b5-905a-a1f2223a4108	560825ff-712f-4396-82e1-357c4aa16b06	false	2025-11-19 08:45:11.679186+00
0059af7e-a30a-40b3-929c-e5261bcd2ae2	86df86c7-a00a-4c53-a362-d00ef61030d5	false	2025-12-03 02:04:58.641185+00
0059af7e-a30a-40b3-929c-e5261bcd2ae2	4817b24c-10a7-4774-98d8-7100222f62e1	false	2025-12-03 02:04:58.804235+00
0059af7e-a30a-40b3-929c-e5261bcd2ae2	dcb2e25b-369f-4b8c-a0b6-9c198184bdce	false	2025-12-03 02:04:58.965114+00
e52ed359-bfd6-4189-a3cd-d92ec89dd778	86df86c7-a00a-4c53-a362-d00ef61030d5	false	2025-12-03 02:04:59.576726+00
e52ed359-bfd6-4189-a3cd-d92ec89dd778	4817b24c-10a7-4774-98d8-7100222f62e1	false	2025-12-03 02:04:59.728448+00
056e7664-7840-4205-acca-79d6617e79d8	dcb2e25b-369f-4b8c-a0b6-9c198184bdce	false	2025-12-03 02:05:00.818734+00
d7b65d03-aca5-466d-84c1-fad319735887	843ca7b7-38bc-4ac9-9865-40afbb260794	false	2025-12-03 02:05:01.299076+00
24e912ca-56ff-4e18-b7e6-bd450b17d98d	4817b24c-10a7-4774-98d8-7100222f62e1	false	2025-12-03 02:05:02.279477+00
1f101da6-c16b-493d-8cf7-3cd2279e73c6	dcb2e25b-369f-4b8c-a0b6-9c198184bdce	false	2025-12-03 02:05:03.180474+00
e52ed359-bfd6-4189-a3cd-d92ec89dd778	dcb2e25b-369f-4b8c-a0b6-9c198184bdce	false	2025-12-03 02:04:59.876644+00
056e7664-7840-4205-acca-79d6617e79d8	843ca7b7-38bc-4ac9-9865-40afbb260794	false	2025-12-03 02:05:00.492074+00
d7b65d03-aca5-466d-84c1-fad319735887	4817b24c-10a7-4774-98d8-7100222f62e1	false	2025-12-03 02:05:01.455052+00
24e912ca-56ff-4e18-b7e6-bd450b17d98d	dcb2e25b-369f-4b8c-a0b6-9c198184bdce	false	2025-12-03 02:05:02.426455+00
1f101da6-c16b-493d-8cf7-3cd2279e73c6	843ca7b7-38bc-4ac9-9865-40afbb260794	false	2025-12-03 02:05:02.878534+00
056e7664-7840-4205-acca-79d6617e79d8	4817b24c-10a7-4774-98d8-7100222f62e1	false	2025-12-03 02:05:00.651893+00
d7b65d03-aca5-466d-84c1-fad319735887	dcb2e25b-369f-4b8c-a0b6-9c198184bdce	false	2025-12-03 02:05:01.61061+00
24e912ca-56ff-4e18-b7e6-bd450b17d98d	843ca7b7-38bc-4ac9-9865-40afbb260794	false	2025-12-03 02:05:02.103067+00
1f101da6-c16b-493d-8cf7-3cd2279e73c6	4817b24c-10a7-4774-98d8-7100222f62e1	false	2025-12-03 02:05:03.029867+00
c7d3c582-29b1-47c2-b0f7-d14ec8616a66	dcb2e25b-369f-4b8c-a0b6-9c198184bdce	false	2025-12-03 09:08:30.447501+00
c7d3c582-29b1-47c2-b0f7-d14ec8616a66	4817b24c-10a7-4774-98d8-7100222f62e1	false	2025-12-03 09:08:30.447501+00
c7d3c582-29b1-47c2-b0f7-d14ec8616a66	843ca7b7-38bc-4ac9-9865-40afbb260794	false	2025-12-03 09:08:30.447501+00