4f6a55ae-bc2b-4531-adba-f13c56f228ab	0d107293-dd0b-4a75-ba85-da3ee2b652cb	560825ff-712f-4396-82e1-357c4aa16b06	2025-11-19 08:25:43.510403+00
8de76350-e25c-4b1d-a0a7-fdee6fad0b61	2df6978a-ee31-436f-bd77-e5021fd1440b	560825ff-712f-4396-82e1-357c4aa16b06	2025-11-19 08:30:23.313684+00
fd3d81d7-6850-4f7b-9595-1da8409f6be4	98c916b4-3b0c-475b-90b7-cd099873e74d	560825ff-712f-4396-82e1-357c4aa16b06	2025-11-19 08:36:29.484262+00
edc18b48-d8d0-44b0-b962-6d3c4e5e3189	a7e1185f-4be6-425e-8871-9dc88d4ceb00	560825ff-712f-4396-82e1-357c4aa16b06	2025-11-19 08:44:50.24352+00
969ce0e9-c83d-4826-ad88-5331dd148a83	8c209115-c1da-4585-9dc8-4a8c0d7598e5	bdf52812-1b1c-4dee-b9db-845936cf0a11	2025-11-02 05:27:36.781807+00
5bf357b9-7ccb-41e1-8a8c-900c12f9f152	e6530488-78f2-4a44-8f61-5752c002fa3e	bdf52812-1b1c-4dee-b9db-845936cf0a11	2025-11-03 06:13:31.159656+00
48404856-93c0-4839-ac71-0ea90ff652fe	70f33998-f7ed-42df-b0c1-2ceae7b4767d	bdf52812-1b1c-4dee-b9db-845936cf0a11	2025-11-03 06:23:19.130953+00
4db78789-269b-4891-a9a8-c133eed35e1f	2d9369f3-db73-4010-8a5a-0183cdd7c6fb	bdf52812-1b1c-4dee-b9db-845936cf0a11	2025-11-03 06:30:13.767164+00
ecf5ff14-6c69-4577-ae31-0aee7e3b6609	721114d1-f580-47df-9050-646b56fd770e	bdf52812-1b1c-4dee-b9db-845936cf0a11	2025-11-03 06:33:01.428679+00
3a7e4da6-d69b-4909-b22c-f668a6e1ea3a	2dd1c666-dbfa-406a-b1e3-e1be8e1e8e8b	dcb2e25b-369f-4b8c-a0b6-9c198184bdce	2025-12-03 07:08:21.025013+00
e67d527f-9257-4991-a0de-f3bdf20f0d67	2dd1c666-dbfa-406a-b1e3-e1be8e1e8e8b	4817b24c-10a7-4774-98d8-7100222f62e1	2025-12-03 07:08:21.025013+00
0f81adf3-c3c2-4308-a90a-5f40b1f00f75	2dd1c666-dbfa-406a-b1e3-e1be8e1e8e8b	843ca7b7-38bc-4ac9-9865-40afbb260794	2025-12-03 07:08:21.025013+00
d173024d-ab3a-422b-b83c-9e9626eb3d94	f33c1893-0fcb-4167-9149-47dc5994eb7b	dcb2e25b-369f-4b8c-a0b6-9c198184bdce	2025-12-03 07:12:44.332886+00
16b02364-d4bf-41e4-b4e8-a6e6dd132196	f33c1893-0fcb-4167-9149-47dc5994eb7b	4817b24c-10a7-4774-98d8-7100222f62e1	2025-12-03 07:12:44.332886+00
8e0e5fd0-604d-426d-9216-df8ef88151ff	f33c1893-0fcb-4167-9149-47dc5994eb7b	843ca7b7-38bc-4ac9-9865-40afbb260794	2025-12-03 07:12:44.332886+00
c81c6053-c042-4446-b3bc-3f96991b6d65	2d92b11d-f232-4a28-82a3-9be15af44245	dcb2e25b-369f-4b8c-a0b6-9c198184bdce	2025-12-03 07:29:13.133055+00
97b4625d-f273-4b26-b232-1e7af966e9c5	2d92b11d-f232-4a28-82a3-9be15af44245	4817b24c-10a7-4774-98d8-7100222f62e1	2025-12-03 07:29:13.133055+00
01c33bd6-d2df-4858-b227-b2470097596d	2d92b11d-f232-4a28-82a3-9be15af44245	843ca7b7-38bc-4ac9-9865-40afbb260794	2025-12-03 07:29:13.133055+00
50061401-3ff1-43df-8d45-7509671151e8	fe921b15-238a-4b4a-9fa2-30a85db36340	dcb2e25b-369f-4b8c-a0b6-9c198184bdce	2025-12-03 07:33:43.242665+00
31acf232-d368-463b-a35c-ddfacce77bf7	fe921b15-238a-4b4a-9fa2-30a85db36340	4817b24c-10a7-4774-98d8-7100222f62e1	2025-12-03 07:33:43.242665+00
ec27d42c-a8ed-4f60-b7fa-bd53e844c972	fe921b15-238a-4b4a-9fa2-30a85db36340	843ca7b7-38bc-4ac9-9865-40afbb260794	2025-12-03 07:33:43.242665+00
3bd1f2e4-0302-4398-9311-0934c4e5d3f9	fd967cb3-39e0-48cb-826e-d5d615f534a5	dcb2e25b-369f-4b8c-a0b6-9c198184bdce	2025-12-03 07:37:35.92111+00
46b491c8-03c4-404a-8f48-69f7647d7781	fd967cb3-39e0-48cb-826e-d5d615f534a5	4817b24c-10a7-4774-98d8-7100222f62e1	2025-12-03 07:37:35.92111+00
86288cf6-03c0-4a4f-9062-7bdf0d744207	fd967cb3-39e0-48cb-826e-d5d615f534a5	843ca7b7-38bc-4ac9-9865-40afbb260794	2025-12-03 07:37:35.92111+00
1cd94bbb-5d2c-439f-85de-fca61519e440	0dc3100f-047f-4011-b596-ceee61ed6a1d	dcb2e25b-369f-4b8c-a0b6-9c198184bdce	2025-12-03 09:07:55.688925+00
495cf940-48fa-452e-8ea2-dba8d2d72aef	0dc3100f-047f-4011-b596-ceee61ed6a1d	4817b24c-10a7-4774-98d8-7100222f62e1	2025-12-03 09:07:55.688925+00
0f49e4d3-3c7d-4324-8eff-9beb924634e6	0dc3100f-047f-4011-b596-ceee61ed6a1d	843ca7b7-38bc-4ac9-9865-40afbb260794	2025-12-03 09:07:55.688925+00