6a7cf89b-988e-4ee9-9f7c-d155039632c5	ccf26cba-d1d5-4aae-b5d9-0fe85449f086	7d94f428-28f1-4d37-b57d-7c2c82150025	2025-12-03 07:19:36.477+00
3bb39923-4718-4b39-958c-9ce7b14352fc	ccf26cba-d1d5-4aae-b5d9-0fe85449f086	c7d3c582-29b1-47c2-b0f7-d14ec8616a66	2025-12-03 07:38:53.033+00
3ac479b6-bcff-4602-9a54-db726167e525	9b42216d-56bd-4825-99e2-fff60147f35e	7d00f2cb-4c23-49b5-905a-a1f2223a4108	2025-11-29 22:40:39.702+00
8962a1f8-27b4-4b03-997b-4b21d0f4fe00	9b42216d-56bd-4825-99e2-fff60147f35e	6e7a8d72-ffa6-4816-a7fd-3a546594907d	2025-12-03 10:05:40.981+00
594074f5-0ba6-4743-9680-7062504a776c	ccf26cba-d1d5-4aae-b5d9-0fe85449f086	a329c80c-77e7-48db-90e1-c67359e67c6a	2025-11-28 23:02:30.903+00
5c2c7be0-288b-4b25-a4bb-226a7ab196e4	9b42216d-56bd-4825-99e2-fff60147f35e	a329c80c-77e7-48db-90e1-c67359e67c6a	2025-11-29 22:21:26.603+00
6d5f1960-171d-48a0-8283-d3a7646688ef	ccf26cba-d1d5-4aae-b5d9-0fe85449f086	7d00f2cb-4c23-49b5-905a-a1f2223a4108	2025-12-01 03:18:42.356+00
b9b31531-39ab-446b-83dd-e31b1d269231	ccf26cba-d1d5-4aae-b5d9-0fe85449f086	1b62b20b-16ba-4259-b7b4-95f2362c3e0f	2025-12-03 02:14:38.275+00
986d35c4-6fbb-4714-9fde-0ced28825916	ccf26cba-d1d5-4aae-b5d9-0fe85449f086	d7b65d03-aca5-466d-84c1-fad319735887	2025-12-03 02:14:58.105+00
42c5ae21-d4db-4b68-9654-91523855bc0c	ccf26cba-d1d5-4aae-b5d9-0fe85449f086	371a89da-bbf2-4bc1-8d49-7a740a7b1174	2025-12-03 02:44:35.295+00
b914ee9a-4107-40c8-b7e6-8cf654d69a14	ccf26cba-d1d5-4aae-b5d9-0fe85449f086	056e7664-7840-4205-acca-79d6617e79d8	2025-12-03 02:45:19.019+00
ceeff3aa-b053-44c0-bbc7-5101595ef701	ccf26cba-d1d5-4aae-b5d9-0fe85449f086	e52ed359-bfd6-4189-a3cd-d92ec89dd778	2025-12-03 02:59:49.923+00
2abe417f-36ef-4e8d-82ca-81b0a80c439f	ccf26cba-d1d5-4aae-b5d9-0fe85449f086	24c322c0-2c7f-4981-929d-807134129eb7	2025-12-03 03:03:09.272+00
4aba3616-4d16-4406-8ba6-8d45d515239a	ccf26cba-d1d5-4aae-b5d9-0fe85449f086	6adb2e23-6b5d-4632-838b-b2d06672f67f	2025-12-03 03:29:49.064+00
1dd121fc-889c-4cbf-9368-f0e8dbfb2da8	ccf26cba-d1d5-4aae-b5d9-0fe85449f086	6e7a8d72-ffa6-4816-a7fd-3a546594907d	2025-12-03 05:08:47.408+00
64520ee8-1db3-403a-b66e-b29cef33b8ae	ccf26cba-d1d5-4aae-b5d9-0fe85449f086	b82eb81d-0845-44a2-b795-31d10082571d	2025-12-03 07:01:45.047+00
7a14a04c-2cab-4a46-8947-f87ac6faa72d	759941a3-bb1c-4395-9630-8a5e1e915a8b	7d00f2cb-4c23-49b5-905a-a1f2223a4108	2025-11-19 13:15:32.505+00
bce3b530-a8ba-4191-9f5f-4425271e6b93	759941a3-bb1c-4395-9630-8a5e1e915a8b	a329c80c-77e7-48db-90e1-c67359e67c6a	2025-11-19 13:15:32.69+00
55bf3992-896f-48ff-82db-86a6039caa46	e9448937-3fea-4f14-804a-1672b5009ee5	7d00f2cb-4c23-49b5-905a-a1f2223a4108	2025-11-19 15:54:20.573+00
290eb4b7-67ac-48d7-9705-ea30e46f75e0	e9448937-3fea-4f14-804a-1672b5009ee5	a329c80c-77e7-48db-90e1-c67359e67c6a	2025-11-19 15:54:20.8+00
1e03faed-c8b9-4175-baa4-de298e1c0574	e9448937-3fea-4f14-804a-1672b5009ee5	6e7a8d72-ffa6-4816-a7fd-3a546594907d	2025-11-17 08:12:54.605+00